epoch,accuracy,loss,val_accuracy,val_loss
0,0.9357666373252869,0.21565358340740204,0.9715999960899353,0.09394300729036331
